Category,Total Amount,Percentage
Bills,69893,13.652043128369403
Food,114350,22.335729353855772
Rent,126860,24.77927963122119
Shopping,117676,22.985389483553405
Travel,83181,16.247558403000234
